"continent","number_customers","revenue","revenue_by_customer"
"Asia",273,27948.98,102.3772161172161172
"Europe",108,11064.90,102.4527777777777778
"North America",80,8173.44,102.1680000000000000
"South America",70,7141.25,102.0178571428571429
"Africa",61,6342.01,103.9673770491803279
"Oceania",7,641.46,91.6371428571428571
